"userID","r1","r2","r3","r4","r5","r6","r7","r8","r9","r10"
2,473,450,47,411,468,467,49,474,470,108
3,364,215,306,303,104,76,47,14,36,167
4,473,470,468,42,300,411,492,279,263,23
5,279,345,634,201,581,457,502,216,21,214
6,49,141,158,129,131,128,139,132,23,338
7,172,233,127,425,229,338,421,224,270,422
8,621,13,49,161,229,130,169,23,338,134
9,71,246,37,458,455,241,539,268,102,87
10,21,71,312,279,632,88,85,605,488,589
11,117,166,155,13,152,425,131,139,142,130
12,129,1,37,71,484,59,131,340,283,241
13,458,145,131,373,418,331,117,129,376,128
14,362,579,810,450,99,602,765,402,599,561
15,209,211,79,71,89,92,505,364,97,219
16,129,13,173,23,140,131,145,132,135,338
17,377,117,131,155,226,135,174,487,184,173
18,599,450,443,521,601,563,81,100,47,90
20,101,313,47,339,218,20,104,303,60,506
21,152,172,173,620,134,131,617,272,254,169
22,343,369,184,428,78,509,641,484,461,658
23,463,71,311,9,47,90,349,216,342,450
24,233,139,21,145,173,121,136,174,338,132
25,645,284,140,233,156,117,139,272,131,270
26,396,575,577,61,53,354,580,579,563,599
27,13,128,273,153,140,37,202,135,21,145
28,665,42,49,41,206,50,521,24,411,263
29,135,23,244,139,338,327,324,131,174,239
30,331,132,142,338,340,117,145,233,328,226
31,46,68,474,585,216,29,473,408,343,206
32,101,345,404,86,100,85,21,9,352,201
33,108,53,28,429,599,21,260,71,32,604
34,201,50,71,104,108,100,206,94,349,279
35,778,99,69,53,180,308,260,598,196,599
36,160,670,658,767,184,244,194,248,484,191
37,47,343,14,450,71,303,216,105,400,50
38,93,47,583,201,142,23,132,129,291,85
39,639,3,576,575,577,258,579,768,427,343
40,2,268,343,50,104,694,46,266,552,59
41,53,395,359,599,565,444,343,429,725,354
42,99,138,279,529,79,153,254,92,169,85
43,59,202,279,502,93,690,100,28,201,79
44,580,50,81,513,653,429,93,563,294,90
45,139,172,231,13,326,23,152,331,254,134
46,277,154,155,159,117,235,376,51,13,275
47,37,326,162,174,275,173,150,13,136,476
48,169,145,117,153,229,149,165,418,132,272
49,127,140,169,142,161,173,132,117,165,23
50,47,86,208,92,214,81,28,79,105,97
51,389,61,346,398,444,725,430,354,580,359
52,194,390,381,369,391,78,545,677,184,254
53,131,164,326,161,156,135,141,229,134,117
54,140,458,134,145,162,172,117,135,142,127
55,100,50,664,239,663,92,292,196,49,502
56,599,279,98,502,105,99,97,214,71,47
57,326,23,142,338,87,229,155,327,161,131
58,275,149,373,173,133,375,338,231,254,326
59,101,32,311,484,78,105,98,36,47,400
60,92,32,52,512,85,47,453,321,11,628
61,505,101,206,201,312,680,71,85,79,318
62,100,457,49,101,17,50,263,53,502,492
63,653,576,359,563,61,98,263,579,93,463
64,450,263,59,99,23,268,13,300,170,114
65,283,658,256,241,244,282,484,391,251,535
66,206,665,74,742,50,419,23,450,49,300
68,174,169,229,284,421,155,13,131,270,149
69,366,104,300,71,196,215,314,318,218,92
70,211,47,634,88,98,21,93,99,86,216
71,565,437,579,658,576,342,575,354,53,433
72,174,161,141,172,281,155,173,229,645,162
73,17,42,473,521,74,472,23,206,50,474
74,145,37,142,117,338,173,140,128,13,135
75,242,187,149,235,244,421,117,173,229,164
76,182,189,737,326,172,128,140,233,132,706
77,205,593,47,21,97,488,502,511,81,202
78,505,524,37,14,99,196,364,104,218,32
79,338,13,23,270,121,145,173,169,155,149
80,380,254,261,545,256,381,398,258,670,484
81,21,78,166,47,663,650,101,239,274,123
82,196,103,76,680,315,312,195,735,319,99
83,99,108,599,77,21,90,71,355,260,19
84,346,639,578,99,105,572,441,577,580,395
85,519,247,343,484,78,518,184,47,509,105
86,534,194,545,247,658,388,398,367,484,258
87,145,154,270,13,150,133,139,37,224,152
88,312,735,206,652,219,75,695,628,95,92
89,286,102,241,172,483,138,229,194,161,328
90,599,28,300,90,21,311,295,450,49,93
91,505,211,28,59,206,17,666,406,105,47
92,174,326,134,13,155,172,132,117,338,173
94,101,502,85,100,84,71,211,53,589,406
95,161,155,270,231,422,615,377,327,156,277
96,49,139,272,145,142,48,338,13,281,140
97,312,216,279,350,593,21,59,202,488,101
98,149,138,425,150,117,422,421,142,645,458
99,11,502,17,457,99,93,20,529,470,263
100,557,84,97,279,211,345,502,53,85,71
101,483,380,191,484,169,538,246,102,543,244
102,47,320,349,318,21,345,105,93,81,300
103,32,495,17,216,585,366,101,59,593,196
104,21,286,562,87,233,194,145,241,244,128
105,505,218,60,11,104,264,366,196,506,804
106,364,32,363,208,314,313,488,196,555,99
107,599,575,580,444,430,61,445,342,441,577
108,78,427,768,53,509,576,428,343,180,396
109,580,575,428,579,633,342,357,311,295,343
110,139,233,49,172,155,338,130,165,127,229
111,105,634,93,47,71,81,505,201,593,28
113,430,342,658,354,455,575,428,599,576,435
114,263,602,311,359,93,307,294,561,105,50
115,358,360,294,408,653,342,351,362,602,810
116,314,774,21,92,166,693,704,292,167,78
117,742,450,691,41,24,472,34,263,496,216
118,427,78,380,539,384,253,256,534,484,87
119,430,575,53,579,184,599,343,433,78,441
120,272,326,23,173,233,270,164,139,145,13
121,131,244,23,155,326,231,609,139,331,254
122,559,450,579,408,47,216,50,765,99,49
123,85,208,250,540,244,47,71,592,92,79
124,37,196,105,50,461,585,129,104,470,263
125,105,362,295,343,128,443,279,47,49,263
126,173,131,139,117,338,326,662,155,149,133
127,362,102,427,359,53,450,342,579,576,599
128,300,468,470,21,68,263,47,53,467,23
129,131,138,275,155,141,130,173,162,127,150
130,131,141,145,425,156,155,418,233,174,422
131,92,321,303,17,555,14,108,363,218,50
132,476,226,615,131,133,377,187,326,270,164
133,373,155,331,172,239,149,152,138,185,174
134,141,131,169,254,155,140,164,142,229,174
135,229,139,169,326,142,145,149,138,172,134
136,51,150,138,645,49,422,233,127,229,121
137,131,141,37,149,165,333,101,128,291,135
139,78,509,246,267,369,283,286,562,380,455
140,88,202,680,84,312,101,59,100,315,581
141,21,17,101,42,342,408,49,68,279,31
142,263,68,74,349,470,49,39,467,472,42
143,362,559,23,521,360,90,102,37,53,295
144,229,136,149,131,242,167,133,277,156,155
145,326,229,422,270,161,145,162,23,135,139
146,139,272,326,164,422,231,331,13,136,328
147,150,37,138,130,134,422,172,127,233,421
148,395,364,47,32,524,52,93,98,108,303
149,135,233,132,169,231,340,241,286,129,101
150,133,272,140,229,127,284,130,149,136,132
151,129,169,145,338,142,23,117,105,37,344
152,328,326,142,145,128,270,23,184,102,338
153,45,85,59,196,263,101,53,99,349,201
154,384,184,428,102,246,534,282,563,71,254
155,17,81,407,9,406,666,628,399,99,59
156,105,81,138,502,201,593,202,254,100,101
157,354,563,395,396,577,343,362,438,431,105
158,169,132,422,142,327,37,135,128,140,270
159,13,129,135,281,131,40,37,174,243,49
161,527,384,381,267,78,246,658,396,5,1
162,254,458,140,138,132,149,145,128,139,229
163,229,135,140,129,233,561,117,331,169,128
164,260,400,211,104,53,101,97,196,99,599
166,402,196,53,28,300,263,100,95,21,102
168,559,312,219,589,718,315,209,196,79,321
170,576,639,342,354,78,509,53,346,401,575
171,502,201,37,488,279,81,457,208,92,511
172,36,101,99,592,97,488,279,205,21,511
173,21,98,502,101,633,488,345,815,92,100
174,326,47,179,71,333,625,153,99,64,279
175,132,135,37,416,254,140,23,161,128,328
176,50,36,21,202,300,79,279,196,366,71
177,98,61,778,295,575,105,563,362,342,343
178,599,342,579,428,575,778,99,429,53,727
179,328,326,145,142,139,275,458,331,161,135
180,28,93,524,364,78,321,264,194,108,801
181,93,184,53,563,216,28,579,85,194,50
182,37,140,131,326,129,132,142,117,72,338
183,71,211,105,472,467,216,470,362,450,300
184,502,99,202,50,82,16,107,589,101,100
185,43,467,41,474,29,742,496,23,34,263
186,23,135,338,155,326,87,229,173,191,331
187,263,474,42,31,34,49,17,206,521,23
188,342,295,428,576,579,343,395,575,408,53
189,355,519,509,53,47,100,400,93,194,599
190,338,232,131,135,139,37,172,13,173,233
191,244,50,47,216,99,105,21,101,46,470
192,768,719,604,364,321,264,45,93,365,53
193,496,50,101,505,492,99,17,68,23,300
194,315,107,593,85,84,303,200,21,28,76
195,342,97,580,502,211,450,653,206,79,300
196,263,634,14,505,81,79,97,488,92,214
198,184,261,256,546,386,517,87,367,392,534
200,443,408,105,90,300,39,633,357,563,343
201,434,100,135,142,21,145,132,505,129,59
202,430,395,577,579,444,575,565,599,576,580
203,484,253,391,87,194,549,546,367,369,254
204,595,782,194,206,633,553,380,14,102,263
205,391,380,641,258,538,286,250,535,384,670
206,202,138,81,557,71,593,21,100,634,201
207,140,326,138,172,132,128,129,145,13,23
208,563,442,577,564,78,484,639,441,446,599
209,233,127,338,133,645,172,136,141,621,327
210,101,104,434,140,132,108,184,26,244,263
211,64,50,100,94,68,97,587,201,17,470
212,53,61,575,515,579,428,342,509,396,599
213,545,104,311,386,387,524,599,99,595,47
214,169,272,239,152,131,117,174,326,270,231
215,599,93,53,427,105,342,99,450,98,71
216,36,202,101,21,23,47,85,50,279,502
217,563,446,354,93,343,53,395,599,575,580
218,345,50,450,360,93,579,47,61,263,71
219,145,102,328,37,185,155,87,129,131,233
220,21,50,599,214,101,502,402,628,279,71
223,621,23,327,37,331,139,13,662,155,338
224,43,301,623,34,41,409,473,31,24,450
225,378,387,389,484,427,509,579,343,398,78
226,13,277,152,164,231,422,376,139,134,174
227,127,254,232,145,270,150,152,136,331,155
228,53,310,362,47,79,345,318,99,628,302
229,150,142,140,169,117,13,132,152,135,23
230,149,270,328,135,130,150,133,156,326,161
231,239,714,13,142,231,130,134,131,165,152
232,136,142,140,233,235,125,224,169,131,49
233,135,169,338,231,174,173,139,149,117,49
234,274,650,292,21,239,506,592,124,457,303
235,260,398,78,396,99,580,576,395,571,431
236,482,138,142,145,164,184,275,231,139,23
237,21,406,101,79,84,557,88,100,345,402
238,99,28,59,184,105,71,484,267,247,355
240,326,229,51,117,184,421,478,139,616,377
241,580,576,579,105,53,395,98,427,575,428
242,185,152,272,136,133,235,164,169,13,165
243,272,233,338,117,174,101,140,326,149,142
244,169,184,132,326,102,142,272,291,23,229
247,102,244,253,668,185,282,238,21,254,184
248,275,270,155,142,13,117,174,326,131,327
249,332,185,286,658,539,549,71,545,533,484
250,99,408,295,580,342,362,427,300,579,513
251,279,100,93,99,105,47,21,463,71,205
252,478,173,273,174,335,139,155,338,145,131
253,229,161,141,233,117,326,156,231,133,272
254,387,102,256,332,282,286,553,254,186,342
255,313,364,104,770,267,59,47,363,365,28
256,138,172,127,134,152,229,133,155,49,270
257,221,47,470,104,434,59,266,465,569,71
258,13,23,141,131,117,134,373,172,231,254
259,85,97,21,196,208,86,28,201,457,93
260,173,131,142,414,13,338,129,141,135,140
261,384,332,369,244,390,535,241,380,539,87
262,453,196,50,512,53,69,279,47,59,509
263,31,300,50,474,42,521,263,17,472,28
264,467,468,17,263,34,469,71,42,665,74
265,93,380,524,384,311,398,184,102,658,534
266,85,99,202,47,28,206,349,49,488,100
267,169,139,270,373,145,13,326,142,376,338
268,78,431,93,396,575,428,53,354,427,579
269,279,457,90,37,93,105,49,216,47,502
270,97,71,99,100,21,28,108,632,85,47
271,136,156,377,138,131,327,155,254,272,149
273,253,251,244,380,246,534,562,484,87,286
274,71,23,29,128,184,37,281,129,59,509
275,49,23,206,665,24,18,691,104,71,26
277,59,201,279,108,457,100,300,98,104,21
278,287,149,128,418,172,142,173,231,139,161
279,387,87,670,534,254,484,660,378,545,380
280,293,138,129,145,153,13,101,49,59,128
281,576,342,577,362,450,580,431,53,396,408
282,396,429,428,463,362,320,61,263,395,346
283,46,748,33,505,21,14,364,28,36,16
284,53,343,599,105,99,400,1,104,93,509
285,563,286,254,85,102,428,71,595,99,579
286,133,161,155,270,233,136,148,13,139,418
288,184,254,342,201,502,100,563,311,450,105
289,463,291,87,64,457,145,485,488,185,581
290,49,666,17,408,468,263,28,469,473,467
291,23,275,117,37,139,128,327,135,132,620
292,357,427,600,300,563,295,342,602,554,561
293,129,169,87,331,101,37,241,233,328,387
294,455,105,311,580,450,53,408,37,99,427
295,443,725,61,441,563,444,638,429,354,99
296,599,765,362,607,459,357,320,561,111,408
297,279,215,85,21,32,101,84,593,201,100
298,101,599,97,71,21,47,201,279,362,300
299,202,100,326,102,457,333,59,208,279,99
300,509,579,599,427,93,633,105,576,99,102
301,145,287,326,99,185,414,117,327,338,273
302,149,172,275,134,229,49,231,135,254,331
303,263,563,463,362,311,211,427,201,279,93
304,17,54,49,300,101,263,37,47,9,68
305,166,131,235,421,23,277,781,254,173,619
306,300,74,468,101,108,496,469,701,21,71
307,14,47,364,28,50,260,32,21,196,36
308,576,759,396,362,448,575,450,633,395,258
310,421,152,231,173,131,338,135,23,172,482
311,279,333,99,263,680,100,37,202,196,59
312,173,169,140,145,132,182,23,128,135,338
313,599,429,78,342,105,576,343,575,354,580
314,338,129,327,128,171,145,135,161,331,231
315,560,202,593,505,169,254,23,28,208,457
316,259,434,1,264,104,239,71,396,518,105
317,61,443,311,463,602,357,345,102,580,406
318,134,132,421,165,229,13,135,172,131,141
319,99,102,463,595,402,721,105,342,539,633
320,47,505,53,104,59,6,451,71,90,99
321,346,441,639,580,53,431,78,396,359,343
322,169,23,142,131,242,254,174,139,13,51
324,513,395,105,565,99,438,633,444,639,563
325,99,509,640,569,694,28,245,512,343,71
326,229,270,127,149,142,233,13,338,152,129
327,145,142,333,338,131,169,139,165,173,161
328,93,92,214,138,47,279,100,81,254,286
329,121,139,140,134,169,49,322,145,173,414
330,275,131,132,485,13,155,128,373,327,152
331,169,331,476,145,333,135,117,231,23,13
332,135,138,145,418,149,117,128,134,272,129
333,229,272,152,422,161,254,162,49,134,37
334,300,21,342,295,100,457,214,47,279,53
335,233,145,49,229,272,174,138,131,169,142
336,28,32,104,518,509,247,105,36,11,1
337,396,428,343,359,99,441,580,431,354,342
338,28,132,140,31,458,101,21,263,450,13
339,327,422,136,141,275,152,174,272,714,49
340,141,173,133,134,165,231,239,161,174,326
341,395,363,719,505,3,28,37,366,60,218
342,345,504,593,201,279,263,457,101,589,100
343,362,395,346,444,53,61,438,443,400,639
344,50,23,21,497,470,17,718,37,300,47
345,98,333,21,99,589,502,100,208,418,690
346,291,562,99,47,169,593,279,138,505,254
347,258,1,539,534,71,254,253,185,192,87
348,149,129,169,139,155,117,135,13,132,326
349,502,47,21,735,85,79,97,59,99,37
350,272,138,150,156,134,275,155,142,130,331
351,327,135,23,229,132,233,142,145,37,131
352,376,616,331,377,13,174,131,173,139,117
353,141,239,326,226,155,142,165,139,131,164
354,145,149,326,478,131,254,51,134,142,138
355,142,331,562,161,239,155,174,169,145,135
356,538,254,87,670,244,545,477,484,387,250
357,502,81,108,85,263,21,58,100,79,97
358,366,20,99,505,208,279,97,47,21,202
359,50,474,300,409,473,42,468,521,99,34
360,28,254,263,757,71,349,99,38,53,47
361,162,138,224,233,150,141,140,458,136,161
362,282,37,485,87,342,184,105,185,279,140
363,427,184,194,256,78,484,534,87,21,563
364,206,753,97,362,406,21,404,77,92,300
365,195,604,79,303,424,318,522,628,47,219
366,71,345,300,218,408,84,211,59,77,753
367,658,169,256,93,71,332,184,191,241,486
368,17,321,59,108,90,339,315,28,628,92
369,99,216,593,47,202,71,318,211,95,21
370,138,23,206,36,28,64,93,71,128,99
371,473,6,9,497,68,37,184,263,300,71
372,484,185,658,192,78,59,169,244,181,527
374,23,472,43,474,411,467,17,68,468,28
375,138,173,714,270,327,149,169,13,233,117
376,342,396,359,513,354,599,428,69,577,576
377,78,354,61,53,576,396,430,575,343,434
378,300,408,633,444,343,579,354,263,359,90
380,338,172,165,142,149,169,13,121,140,130
382,99,292,239,166,650,704,314,663,274,123
383,593,488,263,202,138,85,99,201,581,93
385,174,270,376,275,13,239,138,135,164,338
386,342,599,93,78,71,99,263,184,517,563
387,165,272,21,135,132,13,117,149,338,145
388,105,37,484,102,343,1,455,267,253,78
390,161,163,174,131,172,130,165,141,155,49
391,87,256,537,102,658,391,283,194,282,286
392,140,161,138,233,287,338,173,229,134,135
393,599,342,463,53,201,279,300,101,402,345
394,99,105,563,342,575,90,579,354,307,358
395,658,563,343,575,579,389,441,342,580,554
396,216,50,11,505,21,53,29,495,17,71
397,750,104,469,59,50,300,216,495,17,21
398,92,211,502,95,201,59,202,101,21,404
399,327,145,156,23,231,133,270,254,275,164
400,134,117,272,138,164,174,187,373,326,172
401,286,463,185,343,803,562,563,380,78,484
402,61,441,400,78,357,725,431,311,93,564
403,377,174,135,270,275,155,338,13,142,169
404,256,332,105,101,427,246,254,534,71,387
405,141,168,174,133,49,156,169,338,270,145
406,295,579,744,524,554,307,196,450,427,343
407,88,216,28,16,303,97,104,71,593,14
408,47,59,263,206,637,488,101,71,208,599
409,21,128,145,326,13,229,560,418,165,140
410,283,286,336,233,562,539,236,140,160,241
411,165,774,292,164,128,21,145,129,290,704
412,149,233,173,139,133,129,254,128,169,414
413,169,139,174,117,156,475,173,133,127,37
414,272,139,155,476,172,478,328,275,131,377
415,164,133,714,422,239,130,149,229,161,139
416,47,555,37,50,99,365,104,604,313,363
417,172,418,154,165,133,272,130,233,161,270
418,201,99,488,345,100,581,71,79,97,605
419,134,242,478,164,132,272,141,131,23,338
420,135,272,338,145,129,121,132,49,128,118
421,164,270,161,127,155,134,168,224,167,51
423,17,474,18,473,216,521,300,50,21,43
424,576,639,93,579,638,428,563,431,571,446
425,239,478,475,609,326,130,226,621,373,134
426,99,505,21,264,47,313,363,104,85,76
427,87,486,332,658,284,283,100,641,244,254
428,74,691,99,42,16,665,263,18,742,411
430,50,411,472,450,473,470,474,469,410,206
431,97,105,254,502,557,581,216,14,342,632
432,463,241,246,670,102,534,87,484,391,562
433,445,245,78,269,267,565,184,396,104,527
434,196,47,79,28,36,303,216,312,628,215
435,87,380,387,254,386,332,658,390,660,244
436,300,502,345,50,21,101,17,53,93,450
437,145,338,141,132,135,149,131,140,139,136
438,569,469,46,473,17,470,750,300,6,567
439,693,704,611,113,292,101,21,184,166,618
440,99,321,79,89,209,90,47,318,195,88
441,345,263,88,85,201,457,53,71,99,79
442,263,34,50,742,24,469,42,468,467,474
443,563,599,778,598,295,358,362,105,579,343
444,396,484,4,565,313,3,395,364,768,431
446,31,472,21,49,206,101,450,74,468,104
447,303,520,45,28,770,364,218,512,604,32
449,563,90,396,607,725,105,450,575,576,357
450,576,725,105,311,362,359,90,408,357,343
451,131,139,23,130,244,155,619,617,277,117
452,467,39,472,496,99,41,31,49,74,50
453,85,632,495,300,201,100,402,81,37,93
454,104,50,32,496,77,216,500,28,509,59
455,524,366,47,216,50,1,28,505,506,78
456,161,23,145,377,173,229,233,172,254,338
457,53,573,355,431,343,445,342,427,579,433
458,132,1,105,145,140,59,184,418,509,47
459,450,395,430,509,443,580,362,658,53,99
460,99,362,104,36,593,366,37,808,363,71
461,71,48,311,47,101,9,74,521,470,502
462,53,557,312,406,77,81,399,79,215,318
463,128,447,23,28,71,53,135,458,268,254
464,79,202,634,593,216,99,632,557,205,208
465,108,138,581,59,84,463,94,208,488,99
466,13,231,331,254,275,117,133,131,155,152
468,23,128,450,28,135,342,326,563,99,188
469,428,450,599,354,105,484,580,434,78,21
470,134,328,327,164,224,139,326,150,152,173
471,653,294,105,357,607,359,580,81,342,93
472,338,172,117,168,165,482,173,142,132,167
473,173,233,149,133,142,156,139,645,117,23
474,145,128,37,338,140,244,78,108,101,51
475,138,202,71,98,205,79,208,593,59,93
476,216,345,138,557,92,79,637,488,205,98
477,130,141,422,149,133,224,155,174,425,168
478,186,402,803,93,348,99,105,563,343,21
479,270,163,172,478,136,149,51,150,138,130
480,18,216,24,34,411,521,16,206,49,450
481,128,418,174,161,101,138,233,338,173,276
482,418,21,85,502,201,169,233,132,128,286
484,105,37,101,68,47,599,300,434,343,49
485,343,211,512,524,99,401,519,427,295,404
486,425,141,155,229,165,138,150,172,136,152
487,139,23,376,142,128,327,132,270,161,338
488,93,100,53,79,279,88,345,21,214,105
489,579,400,307,93,61,358,725,402,427,563
490,502,208,140,286,562,23,169,202,284,71
491,105,430,438,449,565,78,359,354,563,431
492,47,342,563,406,79,28,561,599,216,105
493,104,492,9,46,68,26,300,470,206,37
494,142,117,134,422,272,174,23,128,135,270
495,130,165,141,149,142,272,229,23,37,150
496,221,300,694,216,105,45,28,99,343,97
497,331,270,173,172,616,229,155,141,133,49
498,156,153,121,478,155,232,130,233,270,169
499,395,99,346,354,442,427,579,431,362,563
500,768,196,60,264,505,365,11,99,104,47
501,149,145,136,140,165,172,133,326,233,284
502,270,172,23,272,229,169,168,231,164,127
503,127,275,142,131,172,233,165,254,130,169
504,231,340,142,135,184,338,132,229,327,117
506,100,279,14,99,350,581,28,502,457,21
507,86,100,81,216,205,488,50,300,47,408
509,181,102,533,268,461,484,267,463,78,256
510,272,131,129,37,132,145,140,117,134,142
511,99,93,342,502,81,32,14,519,300,90
512,71,244,253,256,78,184,509,254,549,246
513,79,71,99,92,279,216,205,457,634,502
514,275,272,129,149,145,13,231,326,135,138
515,21,300,92,79,632,216,95,206,101,208
516,23,254,233,244,128,327,184,102,231,246
517,652,318,512,219,92,215,312,403,84,366
518,244,49,328,324,152,275,133,139,155,231
519,431,343,449,53,354,442,563,395,599,579
520,263,17,59,9,216,244,46,21,47,497
521,131,340,71,336,185,534,658,387,194,767
523,599,100,90,101,502,295,457,206,79,653
525,369,767,343,8,483,194,169,184,391,486
526,184,102,380,99,428,443,576,105,53,580
527,161,159,328,475,173,172,254,272,338,145
529,428,359,580,362,342,408,395,725,90,606
530,593,101,50,505,108,529,279,21,99,71
531,377,173,152,149,187,134,476,130,478,174
532,335,477,483,487,283,244,87,539,241,256
533,135,338,132,129,117,458,414,49,140,40
534,13,152,168,229,149,117,142,187,270,131
535,23,145,155,133,169,135,49,139,140,233
536,172,117,164,13,185,233,156,135,145,229
537,23,142,174,173,135,164,275,324,328,139
538,226,152,231,275,242,51,161,254,272,117
539,93,59,108,68,279,473,74,101,497,47
540,496,467,68,474,691,74,43,349,18,99
541,294,98,105,600,61,575,358,427,725,765
542,13,170,145,169,254,128,229,233,23,338
543,50,88,366,32,211,457,201,350,98,100
544,47,530,366,93,321,71,105,99,100,202
545,286,142,102,595,132,509,458,105,658,21
546,563,343,354,565,633,576,577,78,599,441
547,404,71,395,343,524,362,342,50,408,563
548,565,579,576,563,78,45,53,427,396,400
549,579,342,357,351,358,362,575,580,599,359
550,450,61,99,53,442,430,362,354,638,359
551,93,279,169,562,286,246,131,534,49,184
553,134,169,142,131,233,127,117,229,149,338
555,23,164,275,134,145,139,229,13,233,338
556,64,28,47,101,417,93,99,366,279,88
557,46,47,434,71,300,516,266,6,2,216
558,135,139,127,173,623,128,37,121,425,13
559,90,408,602,295,653,561,563,279,100,85
560,216,410,470,473,501,628,47,71,666,53
561,338,425,646,132,242,117,173,129,139,128
562,23,131,140,139,135,141,134,326,37,621
563,523,53,90,362,602,299,196,561,295,599
565,9,99,43,279,74,263,473,497,216,42
566,9,53,104,349,216,263,404,93,311,1
567,680,90,216,50,300,100,488,511,201,101
568,468,521,50,49,34,48,47,101,206,71
569,239,133,155,134,156,139,254,172,169,161
570,173,142,277,233,338,23,37,165,140,129
571,458,422,164,51,224,161,117,134,127,142
572,239,328,134,254,133,173,272,331,422,275
573,123,142,128,139,167,664,140,421,37,274
574,661,87,50,341,185,562,658,101,287,633
575,141,169,139,140,421,21,165,101,135,142
576,104,101,221,186,300,17,59,28,216,99
577,263,93,101,42,450,473,590,6,470,21
578,37,289,145,335,617,338,241,128,102,169
579,509,484,639,579,564,427,599,575,53,3
580,87,194,463,93,101,85,343,71,658,286
581,233,133,173,141,140,142,272,338,232,270
582,385,247,194,256,250,540,261,254,388,258
583,658,540,391,256,546,87,538,246,549,332
584,169,132,37,326,135,133,229,117,142,270
585,64,457,105,201,94,263,101,202,47,637
586,576,442,599,4,396,575,509,343,428,565
587,398,253,256,247,380,343,484,524,102,429
589,131,275,169,244,145,139,287,142,328,231
590,161,164,172,131,167,328,13,275,23,139
592,278,599,99,129,595,140,233,149,338,145
593,37,377,129,491,139,231,132,620,163,161
594,194,102,633,359,427,450,443,396,354,576
595,563,342,725,398,576,442,78,658,105,359
596,493,472,23,99,691,468,16,34,42,43
598,23,155,231,172,133,142,131,275,135,51
601,53,20,450,47,770,44,14,605,505,317
602,93,343,754,428,78,542,767,99,384,53
603,355,279,101,202,99,254,59,47,85,509
604,134,621,49,127,229,156,232,165,458,130
605,28,97,71,557,21,211,201,95,502,402
606,59,99,519,100,628,303,67,300,605,518
607,566,69,575,427,672,343,565,4,393,579
608,342,90,601,300,406,294,603,99,263,360
609,142,71,161,174,117,173,139,293,127,145
611,20,37,337,14,138,17,101,474,23,108
612,202,132,169,337,272,135,293,233,779,23
613,653,101,345,47,294,357,71,53,300,765
614,380,254,1,244,241,102,71,184,533,181
616,431,69,599,342,579,564,53,430,180,575
617,140,145,163,233,338,156,129,49,169,131
618,303,366,710,216,108,782,105,380,604,53
619,21,634,418,457,557,81,37,79,279,488
620,373,231,275,377,233,331,13,324,161,173
621,275,138,145,169,139,331,338,23,136,161
622,105,295,100,216,628,98,36,21,345,201
623,308,599,343,196,279,21,216,429,427,311
624,68,105,71,263,9,93,17,59,99,216
625,201,202,504,318,808,85,79,92,319,209
627,563,428,342,395,575,430,573,61,579,396
628,593,505,105,202,99,81,457,98,86,206
629,488,101,311,105,202,295,50,360,279,79
631,93,216,138,205,79,98,81,59,53,457
632,231,130,270,232,645,165,187,422,141,164
633,71,396,343,387,258,486,391,78,427,563
634,129,71,328,233,326,142,244,560,23,185
635,216,79,579,211,47,300,653,294,100,295
636,145,418,142,140,133,425,165,155,127,150
637,653,408,579,343,53,442,575,359,599,357
638,162,133,275,662,421,150,254,272,164,149
639,37,108,364,506,303,47,36,26,11,457
640,61,307,427,563,406,653,576,263,354,575
641,286,131,246,254,194,231,332,140,191,658
642,450,299,352,362,599,765,295,653,602,408
643,200,101,666,207,71,97,315,17,23,50
644,100,59,108,202,502,105,589,333,92,85
645,128,135,505,23,263,49,129,117,114,140
646,375,117,131,478,13,165,242,231,277,173
647,71,97,28,59,36,17,589,107,79,99
649,433,102,342,658,509,461,437,69,576,430
650,658,135,539,246,85,59,99,102,185,21
651,138,169,141,140,281,132,142,145,173,170
652,93,311,71,247,461,5,105,343,506,59
654,99,185,28,78,47,429,427,259,184,524
655,418,142,233,117,165,169,23,338,145,37
656,450,468,23,39,470,467,17,474,50,41
657,457,47,37,267,93,59,201,279,28,100
658,53,263,46,21,467,18,468,74,59,71
659,136,135,272,149,37,425,142,155,162,169
660,467,9,468,473,17,129,474,19,28,469
661,450,318,21,514,103,99,304,512,321,53
662,128,129,229,101,100,142,612,185,71,37
663,184,129,49,516,429,509,706,140,224,338
664,319,364,84,88,79,718,167,312,339,99
665,450,53,48,457,581,350,216,68,100,23
666,23,666,211,206,9,47,221,59,399,300
667,185,239,165,167,331,139,13,163,326,174
668,455,78,463,444,595,105,575,450,99,576
669,476,331,184,275,23,131,132,338,142,326
670,279,345,99,71,201,79,254,273,97,23
671,161,331,128,135,129,145,254,131,23,172
672,391,253,256,332,369,481,87,184,254,485
673,244,101,184,595,53,563,254,78,279,102
674,172,254,161,131,135,173,169,149,338,478
675,275,142,338,121,155,169,229,422,131,331
676,396,639,563,484,580,431,53,577,402,346
677,450,575,599,395,566,396,354,579,53,639
678,658,184,435,102,61,101,90,201,362,561
679,338,133,331,165,714,152,138,169,156,117
680,149,173,117,327,373,139,23,135,152,662
681,53,100,37,562,28,71,286,102,184,21
682,338,377,620,174,142,51,161,239,275,139
683,470,23,474,496,216,411,74,450,43,691
684,421,226,422,152,37,149,133,284,326,127
685,563,400,359,576,354,463,519,509,450,575
686,101,206,263,742,47,467,408,23,17,29
687,206,576,406,99,216,105,9,563,666,359
688,131,47,145,140,142,463,291,338,138,581
689,239,231,173,131,482,152,142,117,184,331
690,270,621,275,326,150,328,133,155,161,173
691,229,139,131,23,155,101,418,152,145,161
692,691,450,28,469,360,300,351,599,68,74
693,21,593,88,99,85,47,209,315,50,581
694,469,698,472,473,23,263,467,68,410,500
695,50,196,512,201,216,76,100,263,71,312
696,561,53,725,300,263,427,653,428,279,311
697,21,366,196,303,32,22,33,26,313,36
698,141,139,173,136,272,150,338,127,142,140
699,301,43,263,474,17,450,23,473,18,34
700,187,139,338,23,254,242,132,478,13,142
701,338,13,141,164,173,131,134,142,272,239
702,270,338,478,235,13,134,148,140,155,131
703,287,161,231,331,478,270,272,117,338,277
704,139,421,173,272,229,338,135,184,164,129
705,172,145,135,150,338,155,327,13,233,229
706,258,575,279,104,524,386,563,658,576,509
707,117,172,140,275,134,37,169,132,128,326
708,343,428,400,599,633,342,396,53,99,105
709,576,396,53,343,430,357,443,93,99,105
710,68,410,698,406,349,201,9,399,23,81
711,354,105,346,359,575,396,362,580,446,633
712,593,99,100,93,581,201,47,502,279,101
713,49,138,422,167,229,162,163,233,425,154
714,59,467,206,99,640,470,68,300,81,691
715,599,563,576,342,725,61,509,441,428,78
716,256,539,484,78,102,251,538,246,258,191
717,270,476,324,134,165,331,136,162,174,127
718,208,592,79,502,32,196,316,21,104,101
719,576,90,599,653,744,105,563,430,61,362
720,402,428,408,463,307,263,357,580,354,93
721,488,201,97,47,85,302,312,21,79,652
722,422,331,156,327,152,275,131,138,134,232
723,331,272,165,127,284,152,133,141,145,51
725,343,108,590,59,14,99,47,78,599,450
726,326,117,132,142,140,141,37,169,458,23
727,53,186,782,99,47,85,435,194,124,633
728,21,9,79,108,206,463,350,99,100,216
729,263,495,300,47,104,502,2,266,216,196
730,156,117,272,173,139,326,338,49,145,373
731,311,396,580,260,599,99,428,342,380,524
732,133,138,326,139,142,174,229,161,239,145
733,145,128,338,331,172,140,286,129,131,340
734,206,97,79,76,512,209,651,517,215,101
735,53,433,575,362,78,395,99,577,61,443
736,166,132,290,123,274,129,233,131,37,145
737,101,400,71,85,90,263,53,342,50,401
738,563,354,633,580,430,398,513,431,450,105
739,141,132,23,13,139,142,138,128,37,688
741,140,484,562,185,37,131,102,455,283,246
742,13,200,135,339,140,59,207,23,273,128
743,233,135,169,129,139,128,140,145,272,326
744,618,328,229,155,145,270,142,169,135,132
746,369,184,527,283,267,102,256,380,87,181
747,545,184,194,283,332,380,250,256,390,254
749,272,327,338,422,615,142,155,150,133,139
750,99,21,107,84,28,593,505,300,311,71
751,78,71,21,562,286,658,246,463,192,101
752,332,534,380,87,562,329,286,540,21,386
753,576,99,428,427,53,342,354,580,561,408
754,53,206,50,85,47,279,71,81,345,408
756,105,315,59,463,98,92,211,593,605,815
757,139,138,23,141,231,326,226,172,619,13
758,128,562,503,169,251,140,101,105,37,100
759,201,105,418,100,333,350,92,208,21,93
760,21,658,599,427,53,595,244,140,661,783
761,31,49,74,34,99,666,470,698,216,68
762,47,300,9,184,492,26,59,104,17,42
763,102,658,283,343,192,284,282,669,238,87
764,90,342,345,362,408,71,99,599,300,263
765,96,417,84,319,209,302,103,695,364,753
767,50,268,497,263,101,254,473,450,47,246
768,128,377,142,139,132,338,135,131,373,155
769,64,17,21,216,263,108,47,50,100,37
770,13,141,231,174,243,139,131,233,169,167
771,135,165,101,117,421,71,145,128,239,693
772,346,342,359,99,563,449,105,599,395,450
773,599,362,295,300,463,579,279,79,563,263
776,53,102,254,484,101,47,87,78,463,539
777,470,59,68,74,206,104,698,509,666,50
778,169,136,149,174,185,272,327,232,187,134
779,521,599,600,470,74,101,9,563,300,473
780,128,135,129,174,132,300,28,293,21,505
781,152,13,254,23,614,168,231,229,478,421
782,50,506,47,502,465,104,32,99,107,313
784,201,321,605,88,195,203,652,315,76,312
785,53,402,23,85,408,71,81,90,21,279
786,201,184,85,20,71,102,345,14,100,101
787,641,283,246,194,502,254,21,539,99,102
788,300,579,68,61,50,359,408,362,576,450
789,152,128,173,338,164,145,166,117,140,169
790,142,326,13,117,134,233,226,422,169,145
791,71,93,581,85,17,99,345,279,632,399
792,332,254,191,767,533,258,461,387,283,527
793,139,243,333,272,239,142,420,418,117,174
794,71,206,360,81,502,93,102,90,311,47
795,168,145,134,155,172,131,141,272,165,714
797,128,338,229,173,328,377,131,254,142,155
798,386,431,427,576,395,446,4,524,343,69
799,468,300,410,666,206,47,473,691,23,81
800,441,445,431,579,438,580,577,575,599,440
801,301,608,623,129,99,263,414,114,132,128
802,104,411,59,50,47,68,17,279,450,9
804,141,229,13,134,37,172,142,117,338,127
805,303,206,71,93,402,279,97,64,342,101
806,32,264,85,50,28,99,202,509,524,267
807,102,184,343,246,71,256,140,656,244,37
808,135,117,139,254,281,138,560,131,129,418
809,132,13,231,618,226,131,331,254,229,242
810,132,338,23,254,133,71,128,233,129,140
812,573,384,387,53,391,71,534,93,395,258
813,366,680,59,502,85,333,605,28,303,36
814,326,226,331,184,233,142,244,135,129,132
815,328,23,662,139,152,141,127,229,331,138
816,117,328,172,327,134,152,51,164,23,187
817,244,342,238,201,93,100,71,64,185,21
818,201,286,345,457,99,169,463,59,205,279
819,49,130,152,145,27,338,172,232,133,229
821,350,98,263,81,279,88,201,202,97,502
822,145,292,663,274,349,102,21,664,124,53
823,534,539,387,545,369,380,256,658,244,246
824,214,529,202,98,216,263,635,637,64,632
825,206,97,59,202,502,101,216,488,92,279
826,135,164,326,155,172,145,131,132,169,231
827,599,53,575,78,443,759,450,433,396,362
828,307,778,428,342,99,441,430,343,725,563
829,59,97,99,85,21,211,279,221,71,753
830,270,141,688,231,161,239,172,326,131,139
831,21,37,300,34,74,53,99,68,101,9
832,260,563,571,343,61,449,509,342,99,430
834,78,87,595,99,633,782,267,655,253,254
835,93,427,561,633,580,78,395,396,408,105
836,140,135,131,128,232,270,169,173,164,133
837,99,736,76,808,84,363,59,104,453,85
838,98,71,85,14,552,218,279,502,16,593
839,667,282,658,194,78,369,256,87,384,254
840,211,519,98,450,427,99,71,579,580,343
841,244,527,246,563,87,102,185,455,194,562
842,184,704,239,305,274,166,113,100,124,292
843,463,87,99,286,764,658,380,394,486,105
844,233,140,562,487,105,283,387,286,185,184
845,396,524,599,441,78,450,579,342,639,431
846,500,300,53,104,28,78,502,99,640,201
847,172,37,163,169,165,132,140,164,229,478
848,21,76,99,196,92,628,89,315,302,97
849,488,311,593,88,211,59,64,457,345,634
850,568,300,68,74,9,17,469,50,495,29
851,338,152,162,621,117,418,275,326,232,145
852,139,458,152,338,327,149,156,172,127,254
853,233,129,172,272,141,139,23,128,37,270
854,384,246,184,381,258,253,256,387,658,267
855,635,99,406,300,21,138,101,100,201,92
856,21,71,97,100,214,81,343,50,300,401
858,134,13,173,172,164,174,229,239,117,51
859,132,165,169,140,149,173,142,134,145,117
860,429,400,606,69,260,450,554,453,307,343
861,128,13,133,233,141,338,134,23,272,173
862,135,145,13,276,326,161,172,338,174,132
863,36,333,23,244,97,81,632,589,138,79
864,98,102,64,14,92,205,557,138,418,79
865,408,395,428,576,99,572,396,580,431,599
868,254,47,185,343,50,506,59,21,20,49
869,78,446,576,599,342,579,3,565,395,396
870,428,443,362,450,463,343,311,184,561,78
871,47,580,598,78,400,519,342,408,105,91
873,224,272,148,254,327,422,133,239,425,141
874,184,50,502,279,28,506,366,21,457,517
875,142,164,231,13,131,149,475,270,327,376
876,28,295,404,99,666,17,640,206,410,100
877,354,342,565,343,638,633,725,430,563,396
878,275,620,117,23,141,145,13,156,163,149
881,661,279,37,99,85,581,100,78,184,348
882,13,377,326,331,23,131,169,174,275,254
884,23,328,145,373,616,331,478,244,131,174
885,331,131,142,174,229,645,136,156,172,425
886,233,23,140,434,132,289,562,71,169,128
887,99,47,518,513,599,598,600,429,279,21
888,37,241,59,102,21,455,87,184,355,583
889,263,345,406,502,215,216,101,300,85,211
890,633,762,402,580,395,759,263,653,49,93
891,258,524,5,517,527,658,484,563,396,267
893,71,37,184,49,50,263,434,450,492,20
895,428,90,99,311,607,342,93,427,61,300
896,345,562,194,101,71,184,279,85,84,37
897,342,580,362,360,408,307,443,579,653,343
898,138,156,233,134,224,418,169,142,174,133
899,246,244,102,233,236,169,194,534,538,184
900,132,239,434,37,184,23,263,135,13,706
903,390,256,396,392,355,398,184,658,527,1
904,47,201,85,49,37,99,279,503,101,64
905,155,49,139,164,161,117,133,174,166,185
906,326,155,145,244,139,338,128,324,331,172
907,579,601,765,607,725,47,580,307,105,263
908,266,221,640,59,552,1,71,355,7,503
909,241,191,534,128,131,268,658,254,1,461
910,142,425,145,233,23,49,232,140,272,154
911,152,167,134,13,142,168,229,187,156,174
912,762,61,429,395,78,105,579,577,430,639
913,99,86,599,488,102,216,208,557,98,28
914,428,389,579,395,45,396,509,78,658,260
915,642,21,47,279,254,311,633,595,342,99
916,338,152,155,174,142,145,13,275,134,327
917,71,85,402,502,100,599,98,311,101,99
919,97,488,100,36,101,59,605,79,512,14
920,191,282,169,160,71,380,192,545,254,244
921,343,99,599,488,247,53,502,93,36,345
922,45,502,32,84,99,457,279,23,71,11
924,145,37,154,132,135,168,49,139,233,167
925,98,85,84,32,107,21,36,418,14,211
926,509,506,208,14,569,245,104,552,568,28
927,369,534,258,254,71,343,391,256,286,563
928,84,47,365,366,108,104,768,506,804,522
929,59,449,23,509,342,576,484,450,185,579
930,376,244,145,275,231,23,142,173,157,226
931,450,577,354,105,442,580,53,725,579,69
932,53,244,48,49,17,263,47,13,23,585
933,92,21,88,511,84,589,104,216,71,59
934,400,201,463,101,362,406,607,93,90,342
935,750,410,640,59,50,568,509,47,552,221
936,218,496,11,99,505,220,47,506,365,663
938,145,133,128,13,169,161,338,134,331,173
939,253,380,184,246,562,258,461,286,282,545
940,352,85,50,21,53,402,216,300,92,263
941,85,483,254,145,140,233,184,229,101,231
942,233,173,134,140,117,132,161,139,129,338
943,81,105,342,206,100,408,71,502,47,21
946,169,87,562,336,191,286,231,335,369,282
948,339,97,318,404,88,652,76,215,99,315
949,546,286,236,256,244,194,670,87,535,367
950,362,342,444,450,575,343,446,579,396,263
951,568,2,500,552,221,50,47,28,569,300
952,47,326,21,142,100,128,13,101,132,338
953,47,71,338,23,418,339,132,21,562,13
954,58,16,9,263,474,50,47,509,469,468
955,506,105,47,99,85,37,104,100,21,71
957,421,693,274,173,167,135,166,618,21,292
958,117,140,161,229,145,129,134,270,338,478
959,74,43,496,301,469,39,473,23,34,468
960,47,100,71,85,145,49,140,274,102,135
961,21,695,502,97,318,85,315,209,95,196
962,343,429,580,579,744,606,575,765,45,408
963,128,149,132,458,338,272,99,140,233,414
964,145,284,160,282,21,593,336,184,191,488
965,328,130,662,150,418,141,621,254,136,422
966,155,174,117,242,187,133,229,131,239,161
967,93,484,286,194,283,658,369,549,102,545
968,99,488,315,85,21,202,79,101,279,47
969,135,87,131,233,37,142,13,128,173,239
971,37,463,100,99,658,282,595,105,71,140
972,605,628,45,71,99,518,21,223,52,32
975,101,562,135,244,142,129,132,233,37,286
976,241,47,267,539,87,191,153,37,286,184
977,101,279,98,85,502,50,53,300,201,357
978,599,575,749,343,436,449,47,28,509,428
979,428,53,427,61,105,362,579,99,484,93
981,767,312,75,59,695,21,97,196,318,581
982,128,47,471,49,78,427,592,165,36,21
984,163,139,478,21,235,482,254,117,277,13
985,155,117,229,129,233,422,138,270,168,134
986,244,71,563,286,667,367,540,539,258,380
987,174,130,229,155,13,136,127,478,338,152
989,100,92,71,88,97,735,339,211,167,21
990,50,201,215,92,318,79,279,76,32,501
991,450,201,49,100,101,563,357,300,93,311
993,179,387,369,247,21,732,104,809,267,507
994,128,28,23,59,47,85,20,184,101,21
995,174,152,13,173,142,155,226,161,141,231
996,512,561,300,53,450,104,505,406,99,196
997,202,32,92,215,292,84,505,99,664,303
998,233,185,335,142,328,331,132,173,161,135
999,102,64,53,169,311,583,101,93,140,524
1001,184,128,233,254,229,161,117,172,270,135
1002,23,421,127,141,232,129,132,150,145,233
1003,42,28,145,43,206,469,623,74,99,467
1004,28,90,406,753,312,300,105,633,99,295
1005,21,128,704,166,239,124,37,693,235,14
1006,169,142,132,37,279,145,505,93,49,128
1007,338,229,172,140,37,13,612,128,129,135
1008,47,101,310,97,71,201,504,28,350,300
1009,658,169,160,283,21,463,37,534,380,85
1010,600,21,263,470,43,23,216,300,18,50
1011,105,540,244,536,286,539,641,241,129,256
1012,455,140,256,534,484,37,192,101,539,241
1014,51,129,239,132,169,289,135,338,142,139
1015,79,680,330,417,209,71,47,99,312,101
1016,652,219,79,97,206,215,96,196,47,21
1017,127,145,138,142,275,156,165,422,152,327
1018,509,429,518,343,427,396,484,566,45,442
1019,93,206,37,98,28,279,502,450,100,85
1020,231,244,128,142,132,194,539,241,155,369
1021,603,307,765,653,279,406,798,105,402,311
1022,172,229,128,135,338,71,23,145,132,562
1023,327,131,270,156,254,418,231,155,161,117
1024,87,267,534,527,101,105,59,533,246,102
1025,359,61,343,633,463,354,576,362,295,428
1026,599,579,354,342,575,105,428,184,484,1
1027,164,272,173,139,155,149,147,140,134,421
1028,93,534,131,327,78,246,169,484,658,539
1029,410,474,42,345,68,49,74,71,263,472
1030,93,194,658,105,427,428,343,387,398,384
1032,53,602,580,798,90,307,579,342,725,561
1033,136,127,229,21,49,138,139,270,478,272
1034,13,229,129,338,164,226,169,37,231,254
1035,28,216,50,628,501,23,697,47,263,99
1036,216,90,263,53,85,402,502,50,311,201
1037,307,99,607,295,406,300,53,450,580,358
1038,263,206,301,473,470,34,18,521,300,50
1039,132,135,226,140,117,338,129,169,174,142
1040,283,246,282,461,258,251,539,286,540,332
1041,185,268,244,253,563,484,37,61,455,101
1042,145,128,133,422,272,270,139,138,13,51
1044,315,90,364,300,71,95,77,53,206,47
1046,164,131,130,287,340,615,270,239,617,324
1047,21,557,79,312,695,92,319,90,76,95
1049,201,501,79,97,36,279,92,101,633,21
1050,206,99,735,312,210,589,88,321,195,76
1051,519,61,402,354,396,254,53,311,580,484
1052,502,47,71,342,81,101,201,98,102,90
1053,254,117,172,149,226,131,475,145,239,338
1054,593,318,11,321,215,32,76,97,718,808
1055,226,129,455,140,581,21,229,348,244,184
1056,13,139,130,134,275,231,37,478,131,173
1057,155,133,173,254,229,131,161,134,326,272
1058,23,620,340,174,155,131,275,173,152,117
1060,104,79,211,45,519,78,47,50,59,311
1061,599,607,450,294,765,408,653,90,99,463
1062,599,211,524,53,98,105,400,295,343,99
1063,76,21,71,201,47,32,85,99,100,214
1064,633,362,61,430,576,443,395,307,577,99
1065,155,229,149,23,127,338,136,133,121,156
1067,408,79,300,196,599,406,402,342,404,211
1068,282,658,241,343,244,254,185,283,342,99
1069,127,152,117,131,165,156,169,145,153,270
1070,71,241,562,284,336,369,184,543,256,93
1071,174,162,645,270,127,327,422,284,172,421
1072,49,326,458,155,149,233,13,139,185,133
1073,93,320,357,295,563,102,311,342,408,450
1074,17,216,469,409,563,42,474,472,71,500
1075,28,99,589,71,208,92,196,108,202,107
1076,99,274,101,124,149,305,21,663,292,85
1078,580,359,450,78,428,575,577,346,343,362
1079,562,282,102,534,255,387,185,194,253,184
1080,287,376,152,172,13,139,326,270,169,164
1081,81,202,21,557,47,92,589,214,138,86
1082,345,79,140,333,201,101,100,21,502,71
1083,85,463,562,71,257,244,326,100,455,37
1084,100,108,104,201,350,345,26,279,37,198
1085,77,339,312,99,652,505,366,79,76,209
1086,102,295,579,765,580,450,599,49,360,53
1087,47,279,92,214,71,17,457,53,634,101
1088,87,543,244,282,184,286,140,105,251,539
1089,99,206,216,495,53,450,750,474,29,469
1091,102,37,583,192,128,253,455,140,338,71
1092,161,169,233,173,149,229,172,152,155,272
1093,563,430,343,575,437,71,78,355,396,427
1094,85,101,90,53,50,59,502,279,457,488
1097,169,270,150,117,173,132,161,131,141,272
1098,59,581,71,23,99,211,21,37,138,101
1099,502,474,42,21,206,26,93,105,399,9
1100,518,303,505,300,264,311,453,99,552,93
1101,53,555,518,506,505,218,211,32,90,77
1102,23,132,174,145,142,731,700,127,333,135
1103,50,509,505,470,104,11,495,37,339,71
1104,140,173,169,145,149,134,131,141,138,338
1106,418,174,172,139,117,161,187,165,270,149
1107,533,343,384,455,184,102,387,484,286,540
1108,303,555,768,11,313,196,108,84,218,47
1109,136,327,138,144,233,420,141,254,172,140
1110,53,427,509,71,571,256,395,463,380,563
1111,194,367,660,250,184,380,169,256,546,87
1112,97,75,517,318,71,50,364,79,524,196
1113,169,49,51,23,338,233,13,131,140,156
1114,311,345,138,100,214,64,23,202,14,502
1115,49,473,470,34,28,19,467,469,468,68
1116,139,128,132,117,775,37,158,650,152,163
1118,107,581,380,105,529,509,196,64,21,87
1119,37,160,128,140,328,229,129,331,185,326
1120,164,229,134,161,615,233,141,165,121,172
1121,13,229,129,169,37,135,142,132,140,131
1122,139,173,174,142,135,145,244,71,376,617
1123,99,47,732,209,196,366,76,97,312,216
1124,13,174,145,327,142,152,185,131,328,377
1125,206,9,47,245,7,46,640,568,59,2
1126,286,78,633,246,184,463,782,484,783,185
1128,23,331,270,135,328,231,161,150,145,338
1130,201,366,50,593,196,99,211,263,202,279
1131,172,142,233,377,139,174,275,609,23,117
1132,149,136,130,272,139,174,331,476,162,152
1133,101,593,345,690,279,202,488,21,79,92
1134,102,128,101,244,184,172,129,625,131,185
1135,331,174,187,273,155,152,117,458,173,239
1136,173,278,475,338,138,275,254,161,328,142
1137,150,232,425,156,136,270,134,49,140,37
1138,211,71,67,518,312,264,343,453,93,524
1139,185,134,149,233,155,117,326,272,13,140
1140,364,402,318,735,315,21,557,92,99,53
1143,23,128,135,173,229,142,272,163,155,145
1144,450,360,602,599,294,362,765,99,296,406
1145,139,231,23,338,373,377,271,117,13,155
1146,233,153,338,458,244,37,142,229,128,131
1147,102,53,658,428,259,434,427,396,461,343
1148,99,450,42,468,474,263,473,9,71,470
1149,71,468,23,666,53,469,472,470,698,68
1150,37,132,128,612,142,233,331,169,376,327
1151,326,71,101,64,455,185,330,581,184,246
1152,76,403,28,81,50,505,206,279,79,99
1153,463,47,79,402,360,201,105,138,295,81
1154,575,53,505,263,102,450,50,19,49,21
1155,47,321,591,210,364,92,559,312,506,208
1156,97,49,509,263,59,279,100,502,105,506
1157,181,286,658,461,191,369,258,87,254,484
1158,194,380,253,251,246,545,78,641,667,562
1159,434,445,71,180,658,565,513,461,47,99
1160,387,562,282,244,283,169,480,184,241,102
1161,132,229,129,135,169,331,185,326,145,23
1163,48,34,43,99,497,24,473,470,108,467
1164,26,128,135,420,338,16,23,108,13,129
1165,201,9,81,97,457,342,64,463,53,599
1166,59,14,108,36,71,457,509,105,99,47
1167,86,632,85,50,97,59,47,101,457,634
1170,47,92,214,205,79,59,21,279,97,593
1171,173,229,142,21,149,165,140,164,127,121
1172,37,21,132,128,449,342,71,131,575,428
1173,16,97,406,9,74,101,691,666,99,68
1174,433,53,448,61,639,576,580,577,362,599
1176,254,185,282,549,517,244,283,562,539,253
1177,21,140,287,279,244,681,255,254,184,185
1178,117,128,23,142,328,331,13,37,338,145
1179,117,13,169,174,142,618,165,326,239,173
1180,134,13,140,129,338,425,132,173,482,117
1181,216,59,23,101,11,17,28,206,500,196
1182,317,45,304,93,99,555,108,522,365,808
1183,367,102,332,386,391,184,545,380,241,87
1184,127,138,21,117,169,281,133,458,49,229
1185,420,585,418,101,505,140,37,339,278,149
1186,155,172,327,141,275,169,272,165,133,145
1187,77,295,50,601,599,47,79,653,300,404
1188,281,233,333,560,680,100,145,585,420,243
1189,172,138,275,140,156,131,254,134,235,155
1190,589,21,101,11,85,100,457,99,20,303
1191,343,599,263,580,563,408,361,90,579,358
1192,47,345,90,28,402,579,100,61,427,408
1193,239,53,342,267,61,186,633,427,295,563
1194,71,99,32,11,104,300,16,202,59,196
1195,123,167,318,202,79,196,215,99,274,304
1196,279,342,599,658,184,201,563,21,286,71
1197,149,233,155,422,174,135,187,142,173,140
1198,174,135,173,226,23,327,338,172,377,272
1199,362,105,559,408,90,295,406,311,580,602
1200,294,457,450,17,85,360,295,94,97,211
1202,49,39,472,34,23,18,665,742,521,24
1204,84,511,201,520,123,599,753,555,104,196
1206,357,358,563,61,639,362,295,428,765,359
1207,343,599,575,579,69,342,437,428,61,450
1209,470,17,301,665,50,474,74,468,43,39
1210,21,742,691,18,206,47,42,666,24,665
1211,216,50,9,467,310,16,666,206,472,691
1212,59,350,201,81,105,85,97,599,100,98
1213,221,68,104,495,20,29,470,494,2,769
1214,380,78,431,244,102,428,184,396,253,258
1215,326,131,135,169,23,141,142,37,129,229
1216,185,256,720,253,463,670,184,78,241,539
1217,206,318,97,100,79,203,47,92,756,312
1219,350,87,59,93,47,81,99,28,333,201
1220,505,135,200,13,71,36,138,99,85,28
1221,539,286,641,254,256,378,93,387,595,282
1222,13,130,270,172,140,150,152,145,128,134
1223,579,90,263,602,47,408,342,295,653,402
1224,294,580,352,561,342,300,53,90,295,725
1225,26,47,509,74,17,495,496,470,300,184
1226,117,142,173,133,270,156,131,229,49,165
1228,453,408,50,579,90,362,607,263,400,211
1229,173,233,165,129,149,139,132,141,338,169
1230,179,21,37,185,71,99,509,36,184,128
1231,443,463,61,357,90,311,359,295,402,579
1232,691,408,99,81,468,470,497,16,263,105
1233,16,326,135,272,173,117,155,127,132,140
1234,140,139,418,450,173,169,142,134,131,23
1235,49,509,23,399,99,263,68,600,59,71
1236,463,484,258,71,343,246,259,104,519,264
1237,71,488,100,315,201,97,101,339,21,589
1238,21,408,201,300,628,279,71,84,263,101
1239,311,342,101,502,59,85,263,362,71,92
1240,201,97,90,589,92,71,214,101,206,315
1242,342,574,99,576,427,105,61,395,311,579
1243,408,519,100,254,102,342,98,78,99,599
1244,488,557,21,101,28,79,402,71,410,36
1245,282,185,194,539,387,256,102,658,503,283
1246,138,173,121,140,425,128,49,174,117,149
1247,127,615,172,152,133,134,145,272,275,138
1248,13,130,229,128,129,37,23,156,135,233
1249,778,765,357,343,725,450,300,408,295,427
1253,172,149,23,275,141,331,117,185,226,142
1254,554,600,91,53,400,518,71,99,429,524
1255,128,233,202,174,291,278,21,99,47,145
1256,47,71,201,49,28,105,311,100,279,502
1258,85,300,698,17,99,211,404,349,28,59
1259,380,191,184,185,246,391,102,549,387,670
1261,99,64,11,201,59,215,71,75,101,589
1262,23,145,140,142,49,239,129,139,37,421
1263,272,142,331,134,172,173,145,233,138,149
1264,402,102,201,408,602,320,579,443,50,61
1265,101,92,206,71,512,215,21,505,32,99
1267,354,78,186,754,256,282,93,633,344,348
1270,93,545,330,100,326,533,254,101,140,71
1271,561,408,579,402,300,599,450,602,406,653
1272,161,71,475,270,187,184,133,278,155,174
1273,105,85,263,93,206,53,406,493,202,279
1274,360,653,759,427,602,428,576,396,295,429
1275,593,279,105,92,47,64,557,81,488,90
1276,97,105,21,404,76,113,104,47,50,92
1277,502,102,37,263,557,105,81,345,194,205
1278,226,421,229,13,173,478,172,23,132,326
1279,593,97,37,201,100,138,589,216,680,81
1280,21,93,206,457,202,560,64,85,23,529
1281,599,71,395,99,47,105,104,455,386,343
1282,98,135,99,300,593,206,457,201,85,37
1283,139,23,143,275,226,117,133,231,13,233
1284,108,663,366,808,47,465,11,196,592,32
1286,198,79,21,279,201,71,94,28,99,100
1287,370,579,267,78,343,180,509,258,428,427
1288,71,47,300,263,93,360,81,100,362,443
1289,79,366,652,718,202,195,206,99,302,11
1290,101,581,311,21,59,505,333,108,23,263
1291,145,169,153,49,129,135,149,414,272,132
1292,129,37,128,23,172,132,135,327,254,142
1293,584,562,238,380,244,184,391,267,102,248
1294,231,145,621,23,169,161,135,155,13,242
1295,86,79,345,815,88,599,71,211,100,21
1296,395,69,445,398,428,749,180,343,260,599
1298,145,135,164,478,141,13,328,169,136,156
1299,128,134,233,149,117,173,150,326,156,418
1300,254,174,130,127,149,338,139,161,141,133
1301,134,232,326,169,229,156,149,140,155,139
1302,138,64,79,206,502,279,105,333,85,589
1303,86,81,488,202,88,680,21,502,593,315
1304,326,173,338,23,155,328,376,145,239,152
1305,187,275,165,49,161,254,134,136,163,172
1307,23,140,132,338,129,366,505,172,233,77
1308,27,145,156,162,458,138,140,327,149,152
1309,59,21,295,99,405,427,402,579,408,105
1310,155,37,140,132,233,23,270,142,161,331
1311,233,127,173,13,147,136,235,131,149,23
1312,670,282,1,244,387,813,184,246,658,185
1313,92,317,315,312,718,97,95,196,99,76
1316,132,135,138,335,155,145,13,338,161,621
1318,185,331,142,161,475,102,229,172,239,131
1319,326,101,37,488,205,463,201,36,93,502
1321,47,21,81,98,202,402,632,53,408,71
1322,45,53,71,98,78,517,260,303,264,343
1323,282,101,562,169,387,335,184,99,483,534
1324,342,576,577,575,579,428,446,362,564,450
1325,104,801,719,47,368,628,453,93,782,718
1327,263,34,300,216,472,600,49,496,742,23
1329,99,502,59,93,81,557,71,201,179,79
1330,308,400,50,300,53,99,342,263,10,47
1331,105,408,93,579,400,450,343,300,427,47
1332,165,117,13,168,377,172,142,163,338,174
1333,101,98,214,279,202,59,206,79,593,105
1334,169,145,326,37,128,129,23,328,140,254
1335,604,218,99,506,32,11,95,465,84,505
1336,311,211,640,21,362,408,17,343,54,495
1337,21,214,47,140,81,100,205,98,593,634
1339,205,138,244,59,81,345,263,140,241,632
1340,599,105,579,359,362,311,428,102,354,78
1342,580,105,408,450,576,427,575,307,69,359
1343,61,427,78,53,408,450,395,575,444,580
1345,93,427,360,362,50,601,295,579,300,90
1346,161,142,328,129,71,87,487,254,102,160
1347,99,408,357,299,579,459,450,602,294,362
1348,23,326,161,132,142,173,331,140,155,422
1349,28,457,201,104,92,509,64,21,85,37
1350,408,449,396,311,357,633,395,105,359,576
1351,23,174,163,135,51,172,131,338,132,173
1352,527,398,431,184,1,566,343,396,264,71
1353,253,563,71,431,102,286,251,343,14,386
1354,333,634,206,214,202,345,59,99,502,21
1355,315,90,605,95,97,312,202,735,92,77
1356,328,326,174,168,331,133,149,136,141,162
1357,408,352,602,559,105,450,295,49,294,406
1358,441,398,47,267,427,3,342,396,575,53
1360,735,75,101,209,628,196,589,47,88,99
1362,311,633,599,595,463,576,396,53,450,93
1363,534,102,660,670,483,658,550,231,191,241
1364,342,602,53,725,295,580,765,93,300,579
1365,614,154,475,141,173,270,139,162,138,714
1366,284,333,239,254,129,231,128,169,142,135
1367,128,145,140,338,132,173,13,23,167,718
1368,231,562,145,78,71,246,155,23,327,185
1369,13,338,37,145,133,289,621,293,335,135
1371,254,562,486,244,539,71,78,641,184,369
1372,457,93,81,279,97,88,333,557,100,635
1373,99,37,463,59,184,101,244,191,268,253
1374,263,563,484,311,244,78,455,101,184,87
1375,658,78,395,390,392,576,427,563,575,380
1376,71,340,463,101,254,484,37,658,534,539
1377,542,286,562,538,102,534,246,184,256,535
1378,167,362,211,599,404,360,315,47,79,303
1379,142,272,128,270,141,254,136,173,135,132
1380,99,102,283,78,539,246,488,71,767,169
1381,85,71,100,47,66,37,593,97,333,505
1382,421,128,141,71,145,239,166,314,618,184
1383,101,201,79,138,345,680,589,59,202,502
1384,502,99,201,66,47,100,517,85,244,263
1385,340,173,23,254,169,132,617,161,275,377
1386,71,28,32,47,37,505,129,512,59,140
1387,64,625,101,140,129,92,184,47,37,93
1388,145,226,327,338,135,132,377,161,13,155
1389,632,418,457,92,79,333,36,84,59,214
1390,97,315,98,402,100,589,138,205,71,206
1393,50,59,221,493,20,216,300,37,500,506
1394,275,169,272,231,141,229,134,133,338,13
1395,589,318,310,90,210,530,312,315,196,406
1396,430,433,93,450,633,402,446,78,346,431
1397,575,343,342,428,580,427,99,53,359,450
1398,625,244,37,71,254,128,21,194,87,131
1399,145,131,458,377,422,149,373,174,254,117
1401,418,13,140,338,117,139,169,134,129,233
1402,342,563,98,47,362,90,343,104,295,402
1403,231,185,233,100,21,241,37,332,201,244
1404,319,219,402,206,76,95,53,196,92,84
1405,202,652,101,99,581,312,47,605,206,201
1406,206,21,502,84,99,201,79,196,557,59
1407,300,593,59,85,208,86,211,402,457,634
1408,128,23,663,233,142,21,145,650,140,170
1410,145,620,135,161,155,326,338,284,327,131
1411,307,50,512,99,362,343,587,580,342,311
1413,174,425,165,152,173,167,134,244,619,254
1414,99,333,47,263,179,185,64,102,658,85
1416,59,315,637,21,632,589,47,345,457,71
1418,660,135,340,128,185,145,164,142,172,140
1419,102,254,244,333,47,263,140,37,128,93
1420,21,315,201,214,98,333,418,589,205,101
1421,79,81,263,90,753,206,95,53,349,312
1422,85,184,311,99,345,562,279,488,47,593
1423,338,173,239,621,254,478,164,145,165,226
1424,463,85,502,100,211,216,632,88,59,98
1425,129,505,337,37,593,135,47,13,23,169
1426,176,49,177,128,99,131,23,352,37,129
1427,17,42,263,43,216,300,472,467,24,742
1428,575,396,362,639,400,354,99,579,455,599
1429,331,327,373,130,231,23,149,187,13,275
1430,85,216,279,263,59,557,457,201,98,502
1431,185,117,139,149,458,272,145,169,140,128
1432,469,493,196,21,59,470,108,71,50,472
1433,338,114,145,149,128,141,37,13,127,134
1434,163,136,135,165,173,174,117,168,231,164
1435,169,144,133,172,338,232,145,420,173,150
1437,142,23,161,277,226,324,132,231,326,169
1438,680,85,71,202,21,418,634,279,207,97
1439,279,263,98,53,201,254,97,21,581,85
1440,140,128,13,37,169,23,229,131,287,134
1441,418,605,105,205,59,81,630,64,71,557
1442,78,387,283,87,540,431,534,484,184,527
1443,279,576,428,105,295,90,580,579,463,93
1444,160,191,477,87,241,539,102,543,231,538
1445,37,134,224,136,149,131,338,270,145,233
1446,184,254,338,173,161,132,129,289,618,172
1447,338,23,132,239,164,275,173,328,231,254
1449,307,300,53,402,342,295,580,450,561,71
1450,169,387,102,477,184,194,487,241,254,534
1451,133,152,161,139,13,272,169,174,162,23
1452,132,128,184,233,131,231,172,289,129,145
1453,239,226,376,131,275,13,421,142,154,277
1454,691,18,409,474,23,206,521,47,301,279
1455,133,272,338,117,162,138,127,161,187,270
1456,206,108,470,495,50,23,47,74,26,473
1457,272,130,13,164,376,373,327,174,620,173
1458,142,13,272,338,155,173,149,162,270,138
1459,214,79,345,216,605,90,599,21,50,404
1461,483,135,71,231,331,275,173,244,338,340
1462,275,254,173,239,476,139,172,231,164,287
1463,16,505,202,97,20,71,47,101,11,50
1464,68,108,355,524,247,343,101,47,28,484
1465,165,254,173,72,23,37,117,169,583,129
1466,458,121,615,338,130,224,284,149,254,174
1467,1,233,140,254,256,229,135,185,128,169
1469,129,169,592,326,138,132,254,311,101,100
1470,88,628,92,302,104,404,84,206,753,339
1471,172,139,239,174,165,138,475,131,373,169
1472,104,21,101,53,311,505,105,107,509,108
1473,487,37,562,135,145,169,172,140,229,326
1474,488,21,317,47,735,511,11,53,366,505
1475,233,154,156,131,173,13,163,138,272,23
1476,139,326,132,164,155,173,142,340,338,13
1478,37,326,129,23,340,231,327,172,142,270
1479,388,386,391,343,486,184,105,254,641,484
1480,101,326,99,135,128,102,254,23,338,233
1481,47,581,64,632,105,37,99,93,562,21
1483,128,340,138,241,71,229,287,286,23,282
1484,1,782,194,633,427,267,102,595,343,461
1485,100,21,149,690,71,502,169,132,101,140
1486,100,98,92,59,529,99,637,47,205,71
1488,342,343,575,442,431,577,564,576,580,599
1489,140,130,145,229,37,135,161,150,141,169
1490,369,461,641,527,343,398,391,244,534,246
1491,502,273,128,339,36,13,47,201,138,101
1492,169,131,172,138,338,187,142,326,13,340
1493,321,364,383,427,45,196,566,343,431,395
1494,502,140,71,37,488,100,184,279,47,634
1495,524,17,98,209,93,279,92,47,216,206
1496,105,505,100,50,581,9,71,202,64,263
1497,99,211,450,307,602,719,599,53,727,45
1498,666,47,17,68,23,501,468,410,691,16
1500,21,300,494,102,53,59,50,569,552,46
1501,247,47,641,367,369,643,387,386,546,385
1502,32,497,216,509,71,16,21,20,505,11
1503,244,100,421,239,102,165,593,23,140,142
1504,21,505,36,366,71,100,196,593,85,108
1505,101,474,71,497,6,279,300,411,263,42
1506,105,92,502,404,85,457,201,605,511,100
1507,167,802,650,664,274,166,693,113,314,421
1508,93,488,100,402,98,102,312,37,97,92
1509,340,279,244,23,233,658,132,173,87,239
1511,174,331,338,13,161,328,141,49,155,618
1513,279,81,85,244,21,97,47,100,105,206
1514,495,469,50,34,300,71,472,665,474,450
1515,145,338,141,169,132,139,229,140,173,51
1516,254,135,169,142,13,99,233,141,132,139
1517,338,161,229,127,23,173,232,37,270,425
1518,100,99,53,557,310,81,79,21,500,28
1519,102,534,37,483,100,254,194,562,231,72
1520,291,216,488,86,690,97,201,92,263,589
1521,164,134,231,117,377,239,152,23,173,13
1522,202,100,633,64,463,37,279,201,47,345
1524,105,311,90,400,211,71,463,279,14,345
1525,136,275,373,142,327,23,173,117,254,145
1527,202,21,333,97,205,99,47,93,201,92
1528,172,117,141,131,239,340,254,164,174,142
1530,279,184,428,450,99,362,50,575,658,427
1531,565,427,580,450,599,396,343,442,53,725
1532,420,136,233,133,161,422,139,229,131,49
1533,145,130,152,139,229,142,169,326,338,155
1534,50,88,196,47,28,37,26,339,592,101
1535,539,161,140,128,157,336,562,236,328,184
1536,565,362,354,577,359,53,398,725,61,599
1537,145,169,128,102,129,244,172,185,340,328
1538,93,502,79,64,488,263,202,345,581,85
1539,488,418,279,98,457,333,100,79,557,59
1540,23,135,164,377,139,233,117,173,149,418
1541,68,74,472,41,50,49,665,42,43,34
1542,58,402,101,17,9,450,472,469,467,347
1543,53,428,354,396,61,342,437,579,434,571
1544,87,128,140,59,145,338,155,244,142,135
1545,345,85,71,463,211,88,406,557,98,28
1546,690,488,79,14,208,64,345,99,593,263
1547,201,350,79,502,92,21,205,28,47,100
1549,100,457,101,97,71,206,345,208,21,214
1551,494,300,400,105,59,28,524,509,78,408
1552,227,135,173,233,169,23,132,37,163,129
1553,173,229,131,338,13,132,140,23,287,141
1554,725,603,601,93,357,342,580,105,343,201
1555,615,270,233,133,422,138,141,169,49,232
1556,428,580,78,518,343,453,196,519,264,599
1557,804,597,60,366,309,506,32,11,104,99
1558,132,233,185,87,145,172,562,327,487,169
1559,463,483,145,87,291,254,71,244,326,21
1560,172,131,478,13,117,139,169,229,142,164
1562,562,99,201,231,128,21,342,87,100,71
1563,169,272,145,127,135,37,140,121,49,149
1564,141,163,231,478,149,154,615,37,340,373
1565,37,59,211,457,99,279,94,205,488,21
1566,216,28,105,81,350,463,86,214,315,59
1567,244,233,140,135,128,37,131,142,328,184
1568,139,173,328,164,172,239,23,331,231,326
1570,458,37,172,326,128,229,129,273,132,23
1572,174,615,130,156,165,150,328,645,272,225
1573,37,208,690,216,632,21,47,333,97,488
1574,208,201,101,81,99,86,100,634,71,279
1575,343,90,602,561,798,563,408,406,633,360
1576,128,101,145,13,37,418,254,99,140,333
1577,136,142,141,132,169,145,159,131,13,645
1578,326,164,117,270,172,478,422,161,127,169
1579,92,21,205,488,557,71,216,101,79,315
1580,172,134,139,138,187,254,338,117,23,13
1581,201,75,206,99,85,502,47,101,202,695
1582,244,380,517,93,562,21,92,71,194,102
1583,196,184,79,463,64,502,92,214,85,202
1584,254,463,533,283,129,387,131,185,37,101
1585,206,17,48,411,43,665,469,468,300,29
1586,53,430,450,438,565,599,446,633,354,99
1587,505,99,202,108,216,100,263,71,21,502
1588,263,53,427,105,559,602,580,93,362,579
1589,93,641,184,78,386,387,381,393,396,379
1590,117,140,458,169,281,139,229,142,164,170
1591,138,150,187,139,174,172,156,127,233,13
1592,71,21,254,99,78,633,354,201,169,443
1593,139,338,421,23,37,149,164,173,145,142
1594,350,79,300,81,279,50,348,53,205,202
1595,71,580,93,61,90,443,279,294,402,602
1596,357,576,90,607,428,575,427,263,39,307
1597,311,211,93,98,71,632,279,263,100,105
1599,250,641,391,545,386,378,486,534,87,369
1600,254,187,229,139,165,331,275,149,272,131
1601,408,468,698,105,349,6,403,81,17,666
1604,259,78,104,269,431,268,355,184,1,254
1605,169,163,239,231,421,142,23,173,226,139
1606,141,139,270,615,149,142,150,226,475,159
1607,173,142,117,131,231,135,275,172,377,145
1608,47,338,142,233,99,273,145,254,502,138
1611,18,470,473,68,50,474,493,467,742,46
1613,191,184,256,527,562,670,658,78,258,286
1614,23,273,135,100,85,129,272,101,239,505
1615,286,100,517,184,185,50,595,343,47,311
1616,49,139,161,131,418,155,272,140,138,145
1617,90,93,561,563,402,352,351,601,362,408
1618,196,598,343,50,778,49,461,47,512,69
1619,343,247,396,463,53,71,355,517,105,400
1620,101,367,704,50,47,264,53,505,36,215
1621,200,272,132,135,21,138,28,129,49,37
1622,206,53,9,50,500,468,362,28,408,310
1623,67,749,395,427,98,453,526,99,258,104
1624,339,21,680,56,215,99,652,321,200,219
1625,28,135,185,129,23,37,170,117,51,9
1626,59,97,71,211,93,17,362,279,90,101
1627,576,357,354,725,311,90,93,61,429,575
1628,254,377,373,270,615,117,141,161,275,23
1629,268,279,102,509,100,343,59,502,64,450
1630,97,505,47,101,28,100,11,196,318,16
1632,331,135,173,117,168,231,172,132,142,338
1633,169,161,145,174,229,131,127,270,254,49
1634,311,522,318,599,53,312,47,90,99,320
1635,98,529,79,59,349,202,101,402,17,81
1636,139,165,142,244,161,475,131,117,13,173
1637,99,85,318,206,201,488,345,196,92,95
1638,52,710,317,718,196,92,427,364,368,524
1639,599,362,342,602,346,307,105,408,579,576
1640,725,343,450,639,99,433,570,53,93,359
1641,93,53,406,9,28,17,23,521,559,71
1642,21,9,71,49,17,74,473,42,470,468
1643,37,53,50,623,473,263,468,49,21,28
1644,599,563,427,99,362,360,295,765,343,576
1646,142,170,23,338,21,16,131,173,117,13
1647,13,324,145,23,152,142,233,331,131,620
1648,338,138,272,164,173,174,142,21,229,149
1649,618,169,161,155,23,229,172,241,139,145
1650,53,47,300,295,402,343,450,362,28,98
1652,161,13,128,142,169,131,149,338,229,101
1653,71,211,17,529,53,105,349,585,47,46
1654,99,211,50,581,47,97,21,90,300,79
1655,427,579,450,749,52,524,105,719,99,180
1656,201,93,208,23,100,101,37,457,71,85
1657,103,47,99,303,28,59,210,104,196,105
1658,129,37,161,254,289,131,331,140,135,132
1659,131,272,326,117,128,149,229,139,169,331
1660,99,575,90,354,653,563,342,443,396,343
1661,327,275,184,21,23,132,129,483,102,128
1662,421,135,128,134,235,663,274,13,139,132
1663,185,156,270,165,254,133,138,272,142,150
1664,231,102,562,237,658,194,539,241,286,87
1665,625,484,244,185,760,254,87,539,669,102
1666,172,165,135,152,174,127,187,615,149,270
1667,263,57,587,279,101,201,59,557,99,85
1669,108,184,53,268,69,571,429,47,450,102
1670,251,244,463,267,78,583,87,283,185,254
1671,509,78,396,430,354,105,572,427,450,577
1672,36,97,105,529,99,50,79,53,680,85
1674,502,593,488,105,145,92,97,140,47,14
1675,286,548,283,194,387,160,539,550,169,485
1676,92,345,300,64,211,279,101,201,79,71
1677,254,101,251,169,128,663,123,239,149,693
1678,617,327,615,139,149,478,275,131,13,376
1679,1,47,85,87,37,581,21,355,104,254
1680,96,211,349,21,90,512,85,680,47,206
1682,128,132,455,326,340,142,231,279,184,562
1683,488,21,279,97,254,76,206,100,463,201
1684,161,229,169,23,139,338,233,117,51,132
1685,345,279,205,21,138,488,101,216,593,457
1686,145,562,169,93,100,241,71,502,102,185
1687,184,117,139,326,165,478,482,23,244,377
1688,16,651,202,779,135,37,99,23,101,100
1689,92,107,32,11,505,196,319,366,99,215
1690,117,101,340,142,100,149,135,145,331,231
1691,28,279,557,502,102,350,99,582,71,593
1692,169,142,49,102,135,338,254,13,233,132
1693,275,142,141,117,328,164,134,233,13,229
1694,166,21,421,314,163,664,37,239,129,135
1695,86,92,637,202,633,216,350,457,101,59
1696,295,577,579,563,396,725,359,354,639,342
1697,513,450,603,727,408,653,406,294,599,307
1699,117,152,229,174,140,156,338,233,134,132
1700,201,303,28,99,196,21,216,605,108,365
1701,332,47,510,286,93,206,599,254,71,21
1702,342,61,513,343,450,563,575,427,360,727
1703,78,21,105,539,484,192,254,283,129,101
1704,131,169,135,173,23,338,161,272,13,128
1705,47,632,71,92,86,634,206,208,216,815
1706,47,20,333,71,36,208,140,239,167,100
1707,580,607,576,263,93,53,653,300,602,320
1708,97,101,211,502,50,85,14,404,216,501
1709,358,599,342,90,798,105,408,300,580,294
1710,184,32,598,364,502,78,59,28,303,23
1711,216,101,195,50,399,279,557,47,99,28
1712,428,653,300,404,342,450,201,93,263,563
1715,233,138,23,338,145,337,132,141,169,202
1717,224,173,270,142,338,421,161,130,229,152
1718,233,13,132,338,117,173,149,254,326,134
1719,50,555,99,309,364,363,366,218,84,47
1720,92,651,79,406,312,417,216,88,99,47
1721,595,296,105,294,561,99,298,357,465,464
1722,169,173,132,117,272,49,167,152,425,127
1723,99,104,555,218,47,303,363,85,59,505
1724,279,97,457,93,502,634,71,37,47,350
1725,142,173,149,331,130,117,132,139,145,169
1726,418,156,134,169,155,326,154,172,141,242
1727,201,279,81,216,47,196,84,98,345,99
1728,53,93,42,9,99,263,300,50,46,497
1729,633,99,79,71,628,300,201,59,100,21
1730,164,169,173,117,326,133,270,145,233,338
1732,47,402,399,79,313,28,104,81,85,364
1733,354,433,577,429,580,342,398,575,599,428
1734,239,161,141,23,140,131,139,338,172,142
1736,229,275,135,21,140,254,173,129,145,49
1737,71,303,509,47,505,247,184,484,519,1
1740,364,59,457,33,71,26,201,21,36,208
1741,101,100,140,457,59,291,21,47,92,502
1742,275,327,338,139,377,145,172,254,173,142
1743,231,545,102,384,169,282,244,390,332,250
1744,47,625,93,108,201,100,254,28,102,71
1745,194,380,488,384,540,332,21,378,101,47
1746,94,211,81,104,529,201,202,311,502,14
1747,313,108,59,318,364,321,76,555,366,21
1748,161,132,340,327,142,172,169,23,455,129
1749,342,408,653,579,343,463,102,85,563,561
1751,364,512,628,801,317,92,365,104,309,605
1752,502,85,37,59,196,593,366,97,451,101
1753,254,272,155,161,51,131,173,226,163,421
1754,563,71,342,45,580,450,429,441,639,575
1755,304,28,303,99,596,652,591,196,333,512
1757,326,169,156,233,149,174,338,135,139,140
1759,343,509,527,386,185,71,244,59,104,105
1760,563,211,524,81,71,450,101,599,343,1
1761,599,301,50,623,362,23,521,561,102,450
1762,270,229,139,187,156,226,272,13,155,117
1764,364,90,511,321,76,79,196,319,97,209
1765,229,338,244,149,142,71,132,23,138,139
1766,139,117,152,136,174,161,155,270,422,138
1768,326,185,331,152,140,174,338,173,135,254
1769,338,155,149,231,145,139,37,244,172,161
1770,128,37,239,596,21,47,102,140,129,36
1771,169,149,127,164,132,134,135,142,139,150
1772,59,279,85,21,400,53,343,98,502,99
1773,140,142,139,161,135,23,117,131,272,338
1774,253,380,71,102,286,194,254,184,595,533
1775,467,24,19,50,742,665,18,49,472,474
1776,338,231,327,270,145,117,164,142,135,620
1777,505,216,101,495,585,470,2,7,59,769
1778,99,81,36,202,79,92,557,632,216,263
1779,53,69,180,317,429,47,453,364,400,196
1780,620,133,458,152,373,164,141,187,231,272
1781,294,53,50,406,105,653,357,633,90,342
1782,575,579,258,140,78,396,37,343,427,233
1783,579,206,362,263,345,47,450,216,211,593
1784,100,485,231,562,286,483,102,487,194,47
1785,208,463,99,279,529,104,593,216,108,502
1786,174,338,139,23,142,131,135,229,331,145
1787,343,53,518,502,206,300,1,201,342,519
1788,287,142,239,117,164,13,157,152,478,620
1789,511,215,302,85,100,79,96,680,339,97
1790,37,101,229,254,145,142,21,128,100,138
1791,136,142,162,229,37,145,224,148,161,169
1792,352,358,294,342,345,443,744,576,354,427
1793,167,23,184,123,145,663,173,274,21,141
1794,246,527,387,244,380,384,658,104,484,87
1795,133,281,165,169,131,338,134,272,167,326
1796,138,64,169,201,21,140,71,99,47,184
1797,84,88,205,94,557,279,105,214,202,263
1798,68,101,26,279,32,473,85,104,263,450
1799,141,23,229,167,338,425,149,421,169,270
1800,59,37,493,20,495,254,47,16,339,14
1801,364,99,32,313,505,555,465,314,218,47
1802,99,488,71,100,463,184,169,79,244,88
1803,132,275,140,621,128,375,139,161,37,229
1804,485,37,593,102,463,455,658,140,257,64
1805,98,85,59,502,557,101,104,79,64,300
1806,321,97,71,76,605,339,312,36,21,215
1807,99,318,52,364,628,59,85,303,365,218
1808,172,141,233,51,272,149,425,232,155,270
1809,343,342,782,185,78,256,93,87,563,534
1810,235,139,169,142,135,134,23,229,132,272
1811,132,239,233,229,150,142,145,327,131,149
1813,478,373,338,272,134,117,620,145,155,161
1814,59,93,86,557,402,202,208,214,79,488
1815,100,81,85,318,209,216,97,105,211,92
1816,14,279,88,50,85,23,92,21,100,59
1817,26,138,16,129,71,37,128,13,293,145
1818,502,50,450,399,263,24,64,473,472,49
1819,131,23,425,152,421,128,145,338,135,142
1820,284,331,141,134,270,421,184,167,272,242
1821,615,173,478,476,270,149,141,272,327,287
1822,342,99,93,715,656,105,201,102,721,78
1823,557,85,172,37,102,93,100,87,201,92
1824,607,360,300,105,294,406,211,450,53,85
1825,369,192,87,102,545,391,244,562,241,595
1826,132,13,138,85,326,142,23,135,71,273
1827,47,363,568,28,303,364,6,245,567,694
1828,254,145,421,162,136,418,174,327,270,172
1829,37,239,161,328,139,149,373,270,272,173
1830,279,463,184,634,101,557,92,205,690,99
1831,84,632,502,593,86,138,589,637,402,81
1832,457,211,632,138,279,97,98,94,37,690
1833,140,145,23,152,270,134,117,133,165,169
1834,129,326,37,140,23,338,254,132,155,13
1835,17,68,21,47,470,473,493,93,9,59
1836,21,254,97,194,71,101,93,100,79,483
1838,141,40,202,135,49,142,338,71,59,129
1839,408,450,653,395,563,362,53,428,343,307
1840,425,173,135,418,117,13,185,128,139,132
1841,47,50,28,78,568,509,567,563,527,245
1842,387,256,384,254,562,104,87,102,105,93
1844,488,279,214,92,132,13,273,272,100,85
1845,563,408,359,28,263,61,428,23,427,53
1846,132,155,338,135,254,145,327,117,331,169
1848,88,206,196,100,81,95,50,53,599,312
1850,233,338,117,139,132,142,131,145,273,173
1851,174,117,231,270,338,254,23,135,152,617
1852,173,169,49,128,129,132,139,13,21,142
1853,315,59,47,101,79,21,85,502,488,71
1854,650,366,47,53,50,99,239,28,216,111
1855,418,21,279,201,85,99,95,86,457,502
1856,229,131,142,37,169,134,130,140,117,145
1857,264,78,75,99,101,312,196,767,88,209
1858,362,563,444,342,448,446,53,599,346,509
1859,92,47,201,59,502,50,79,300,628,205
1860,563,99,565,446,431,429,78,564,359,444
1861,104,554,84,99,300,460,579,305,53,400
1862,105,99,201,593,502,457,86,208,101,47
1863,275,23,375,373,340,616,145,173,155,139
1864,90,357,53,342,408,295,580,599,602,99
1865,484,47,343,71,78,463,527,184,524,254
1866,53,50,342,343,47,93,78,102,563,401
1867,194,553,253,402,721,435,656,595,105,93
1868,395,576,599,744,428,61,362,343,354,105
1869,149,272,140,152,131,142,338,37,156,233
1871,139,165,145,142,235,138,173,134,185,338
1872,331,160,485,191,129,128,231,233,131,37
1873,229,142,127,338,133,134,141,51,270,161
1874,104,21,505,274,313,664,47,303,99,650
1875,101,100,315,71,502,201,211,202,84,196
1877,47,59,71,254,201,366,101,592,99,94
1879,105,404,580,211,509,342,401,295,554,1
1880,478,476,145,138,275,331,244,184,139,338
1881,132,21,135,338,450,173,50,139,42,165
1882,31,418,337,338,23,125,153,99,49,113
1883,500,666,691,468,99,23,28,263,81,206
1885,52,718,85,321,505,218,76,512,628,363
1887,428,580,400,99,565,260,427,395,45,518
1888,463,47,502,85,362,599,201,601,557,402
1889,105,61,563,343,47,357,360,352,93,561
1890,650,643,408,184,93,305,265,123,264,506
1891,313,11,16,300,108,218,28,505,303,47
1892,254,87,326,483,194,562,244,71,37,140
1894,161,127,224,338,156,145,139,13,141,49
1895,242,166,134,185,169,164,270,150,161,163
1896,254,71,366,209,97,315,244,312,628,99
1897,53,61,577,395,427,563,359,362,78,99
1898,145,150,138,254,13,272,139,328,128,275
1899,117,21,40,140,169,229,254,49,101,13
1900,42,68,43,301,474,469,41,49,473,521
1902,134,233,184,13,132,229,172,169,328,21
1903,173,140,413,229,101,142,136,134,164,272
1904,50,100,93,302,330,103,79,96,21,304
1905,71,406,21,92,99,79,47,84,201,28
1906,241,194,659,185,128,78,145,142,229,99
1907,512,300,555,196,363,366,14,104,99,108
1908,131,117,421,156,140,414,139,229,138,272
1909,131,132,324,338,476,133,138,239,155,326
1910,132,273,47,140,593,135,129,366,20,680
1911,345,279,418,79,632,457,86,97,71,202
1912,664,663,650,693,813,105,184,247,253,123
1914,402,360,342,90,307,579,93,408,300,561
1915,135,233,145,140,169,128,132,326,420,278
1917,169,131,331,145,141,140,23,139,338,13
1918,84,201,37,101,88,85,99,71,254,263
1919,59,279,589,92,47,71,64,632,98,635
1920,562,145,233,332,279,138,191,128,101,85
1921,231,229,161,145,129,387,131,132,172,244
1922,488,680,216,221,605,79,75,214,88,201
1923,71,428,524,554,599,78,184,105,104,264
1924,326,71,138,140,23,131,239,132,102,129
1925,670,332,386,546,477,71,194,283,534,484
1926,33,138,47,530,17,21,23,59,505,26
1928,138,132,505,37,71,129,135,414,49,16
1929,579,469,580,9,50,38,408,343,263,17
1931,300,100,37,244,53,85,196,345,279,101
1933,408,93,345,47,343,633,402,99,400,105
1934,132,37,326,135,128,117,189,49,141,131
1935,78,251,194,241,283,87,71,384,461,545
1936,557,81,101,98,100,502,196,71,300,59
1937,169,37,229,343,140,340,443,102,279,563
1938,75,99,85,315,100,71,300,581,47,21
1939,49,50,559,71,196,364,300,53,309,450
1941,538,387,534,194,254,169,37,537,562,191
1942,74,467,43,31,469,50,34,468,9,497
1944,577,78,433,444,576,342,579,599,563,395
1946,173,145,185,233,338,37,23,150,420,129
1947,59,211,279,79,244,201,101,99,184,21
1948,132,184,233,145,340,128,229,129,326,241
1949,589,593,59,98,97,202,21,635,71,350
1950,88,76,502,214,201,99,21,85,98,101
1951,99,87,633,71,169,93,239,244,380,254
1952,101,300,53,205,14,279,593,216,98,202
1954,242,145,23,173,168,229,37,131,139,425
1955,100,85,695,215,89,71,196,279,502,312
1956,300,450,128,623,121,13,414,28,50,469
1957,135,131,229,37,134,101,167,562,21,128
1958,74,469,310,47,349,23,697,467,472,500
1959,475,244,23,338,287,377,138,139,229,275
1961,187,145,275,132,161,139,169,135,13,155
1962,47,101,502,206,28,71,79,100,14,457
1963,615,154,161,169,270,155,662,149,150,13
1964,221,71,350,88,104,208,92,582,457,99
1965,150,338,133,425,155,169,167,131,172,139
1966,342,169,263,64,244,539,59,184,100,37
1968,463,450,53,443,572,653,71,395,431,408
1969,47,101,184,71,421,145,164,113,141,774
1971,563,368,395,92,524,378,427,575,194,397
1972,32,264,104,108,524,366,321,363,365,47
1973,458,272,138,229,152,645,233,136,165,145
1974,267,342,101,599,184,463,47,21,93,402
1975,363,196,313,365,99,218,319,303,339,366
1976,99,85,300,343,598,295,561,579,90,450
1977,53,502,321,279,315,79,59,100,696,92
1978,433,570,633,639,448,99,362,725,578,430
1979,161,121,165,338,233,139,281,174,142,134
1980,326,85,37,201,90,47,105,517,64,93
1981,100,101,28,278,85,99,37,59,502,140
1982,20,105,71,495,9,202,470,47,46,50
1983,37,239,421,169,173,270,139,132,165,163
1984,563,386,78,194,354,102,380,484,87,437
1986,441,444,639,450,725,443,429,430,580,362
1987,216,450,211,47,206,99,408,263,93,402
1988,131,135,231,161,139,173,117,142,172,23
1989,49,141,21,745,135,263,239,23,127,145
1990,184,650,21,305,303,14,274,239,124,663
1991,71,98,366,524,107,108,50,300,196,364
1992,628,581,315,99,502,300,215,201,203,95
1993,339,99,589,649,21,59,47,32,138,505
1994,457,21,86,50,201,502,488,28,279,36
1995,140,99,279,85,463,455,100,658,21,64
1996,123,693,292,101,37,663,145,235,21,421
1997,502,342,579,402,765,279,71,450,607,47
1998,463,100,216,345,254,502,97,37,488,211
1999,509,23,101,71,221,246,343,105,211,184
2000,140,169,145,233,173,142,277,37,117,163
2001,441,599,398,71,428,576,105,53,580,427
2003,59,47,50,221,71,206,505,16,410,273
2004,142,128,418,145,169,229,233,327,185,244
2005,218,104,363,196,47,108,663,770,555,300
2006,104,505,47,506,313,32,11,218,768,14
2007,396,211,463,53,98,78,342,524,563,575
2008,93,557,599,690,59,100,488,53,79,71
2009,75,37,632,315,345,279,97,202,101,208
2010,350,557,634,216,81,502,37,488,593,208
2011,254,302,81,99,488,502,71,463,169,593
2013,100,28,214,350,333,637,37,105,205,202
2014,41,31,310,34,521,351,349,99,42,473
2015,524,449,519,342,428,639,576,396,395,575
2016,107,53,11,85,590,28,218,303,196,59
2017,59,202,47,37,101,71,651,88,502,100
2018,327,130,662,621,37,171,117,138,331,338
2019,233,326,101,47,172,71,244,140,185,263
2020,233,132,138,47,142,201,129,23,101,366
2021,272,154,620,173,254,141,476,155,152,150
2022,132,71,102,241,226,142,340,233,328,172
2023,135,275,23,164,131,161,233,478,139,244
2024,216,488,279,345,201,81,85,93,634,517
2025,29,450,47,468,42,411,467,469,74,206
2027,326,128,135,142,117,23,338,422,131,340
2028,196,21,84,313,107,36,14,32,590,364
2029,100,71,59,505,85,211,201,97,21,99
2030,365,28,366,364,76,36,317,304,85,604
2031,326,127,338,161,142,229,131,331,139,117
2032,593,315,92,628,85,502,312,652,680,95
2033,327,174,326,172,338,478,23,207,475,149
2034,64,315,457,98,21,206,81,202,637,557
2035,294,300,753,53,602,99,603,561,362,408
2036,362,402,104,90,53,21,47,505,303,32
2037,169,173,425,165,164,129,156,326,131,289
2038,161,99,49,418,117,331,131,478,239,13
2039,451,686,279,502,93,97,138,94,81,71
2040,161,169,128,231,145,160,23,338,334,275
2041,105,244,129,658,282,101,21,241,194,253
2042,509,563,463,101,238,658,71,105,78,427
2043,540,283,483,387,534,286,369,584,254,87
2044,735,11,315,32,319,651,97,76,88,695
2045,632,101,488,637,98,99,599,402,47,71
2046,258,245,264,185,461,254,28,370,59,516
2047,9,99,196,218,16,17,47,71,32,555
2048,521,229,140,623,172,28,99,294,621,49
2051,500,206,28,71,81,17,53,501,196,85
2052,468,623,61,472,601,342,23,362,74,470
2053,429,428,455,355,575,28,380,78,396,343
2054,152,270,173,154,13,117,145,377,226,340
2055,104,17,567,68,216,268,206,23,568,59
2056,140,139,131,128,37,23,132,169,145,418
2057,254,37,99,327,129,47,128,483,71,279
2058,229,185,338,141,133,138,233,117,132,134
2059,139,326,134,338,13,167,235,163,51,164
2060,342,576,599,638,565,429,395,396,579,431
2061,233,132,172,140,141,327,169,155,13,139
2062,593,279,47,254,102,93,581,333,37,488
2064,59,534,562,37,282,327,191,185,140,87
2065,139,132,226,51,275,23,619,145,254,173
2066,484,258,267,71,427,658,445,104,434,428
2067,398,369,367,484,545,540,378,78,391,256
2068,169,131,434,141,132,149,153,145,129,135
2069,241,194,169,59,102,191,184,140,254,100
2070,332,485,37,562,534,455,343,483,105,241
2071,229,139,128,13,270,130,172,152,338,155
2072,162,23,135,328,132,134,338,142,140,225
2075,39,666,472,68,473,469,467,468,43,474
2076,233,131,418,145,229,172,139,117,128,132
2077,311,362,395,346,396,427,759,575,580,576
2078,184,563,311,21,71,78,50,100,400,47
2079,327,131,139,328,132,326,157,275,231,161
2080,47,46,742,104,68,50,9,71,467,470
2081,201,279,76,502,97,85,71,98,202,21
2083,408,599,263,71,279,362,9,427,216,343
2084,350,92,457,315,582,105,138,81,64,345
2086,71,216,97,32,100,101,79,589,201,502
2087,133,174,231,51,272,478,165,49,161,173
2088,145,134,149,141,132,23,131,233,129,272
2090,553,407,28,266,47,50,300,1,500,206
2091,693,102,108,239,505,292,28,167,47,214
2092,279,690,593,71,88,333,206,100,101,21
2093,563,300,778,428,53,99,343,105,599,295
2094,331,132,13,130,254,169,128,155,145,328
2095,196,53,604,99,52,20,321,599,32,108
2096,100,311,206,99,205,85,28,101,104,50
2097,71,101,36,99,634,105,457,593,93,628
2099,303,108,32,505,363,313,44,555,801,218
2100,389,396,431,564,638,575,446,398,427,524
